feat_idx,feat_name,gain_importance
737,IGKV2D-30,0.23329557
278,TRAV38-1,0.11221014
1062,F13A1,0.089844376
428,CD207,0.08007628
1690,PTGER2,0.03280212
134,FCER1A,0.028126955
782,NAPSA,0.01925496
247,SFTA2,0.017831482
164,RNASE1,0.016437722
51,CCL7,0.011515566
1924,AL133415.1,0.011309304
1741,PHKG1,0.009987884
130,AGR3,0.009057745
1154,IL26,0.008658636
1537,AC114760.2,0.008099077
678,EMP1,0.007952754
425,IL17A,0.007443878
547,IL17F,0.0069155875
898,PHLDA2,0.0062663476
392,TRBV11-1,0.005888079
1063,C1orf56,0.005548592
1816,IGKV3-7,0.0053718267
843,RPS17,0.0050456
809,AC233755.1,0.0046183895
1071,AL138963.3,0.0039233156
256,TRAV1-1,0.0038317416
101,S100A8,0.0034125727
831,IGHV3-69-1,0.0033671975
871,IFNA16,0.003142787
1012,SNHG25,0.0031132053
1830,ZBP1,0.0031093236
1817,TNFSF13,0.0030895115
695,INSIG1,0.0030608058
1453,AP005057.1,0.003021223
457,HLA-DQA2,0.0029542057
1608,ID2,0.0029047595
901,AC114291.1,0.0028504108
1446,PAGE5,0.0027361254
1355,TCF7,0.0026917988
1966,IFNL3,0.002622594
1820,IGHV1-58,0.0025005245
20,SPP1,0.002412629
1035,SHD,0.0024024837
174,IFNA8,0.0023589712
962,CLDN18,0.0022351125
651,VPREB3,0.0021671373
219,TRAV5,0.0020678078
834,IGKV1D-13,0.0020465183
163,TMPRSS11B,0.0020243076
6,BPIFB1,0.0019991226
613,DEFB1,0.0019676613
792,CRH,0.0019047505
19,AGR2,0.0018820808
1335,SEC14L3,0.0018270436
414,TRAV2,0.0017535114
517,UCA1,0.0017477421
847,SOCS1,0.0016548443
964,CYP19A1,0.0015923434
723,TMPRSS11E,0.0015661506
999,S100A1,0.0015543406
1595,LINC01827,0.0015442446
1613,CHN1,0.0015352201
1580,SELENBP1,0.0015115438
58,CXCL10,0.0015010425
574,SERPINB11,0.0014146987
1651,CDKN1A,0.0013825477
1060,GNG2,0.0013706298
458,CETN2,0.0013604079
467,KLK10,0.001304496
1859,SIGLEC14,0.0012576703
1469,CLNK,0.0012512822
1508,NEXN,0.001248585
1884,CD48,0.0012320532
372,TRGV2,0.0011930985
1683,ZBTB20-AS2,0.0011511163
85,HAMP,0.0011492876
741,MDK,0.0011321042
946,MARCKS,0.0011314849
1042,RPS10,0.0011256707
1911,IL3,0.0011186182
14,TFF3,0.0011168155
1365,RNASE2,0.0011028138
592,HIST2H2AA4,0.0010829436
551,TRDV3,0.0010822677
1383,OTUD1,0.0010334903
1086,NPTX2,0.0010236732
473,ALDH3A1,0.0010020119
649,HLA-DQA1,0.00097257475
1389,BLK,0.00096812926
0,SLPI,0.00096622
421,HES1,0.00095749606
1796,DNAH2,0.0009511246
343,CHIT1,0.00092448795
1143,TMPRSS2,0.0009137548
945,AL157895.1,0.0009123185
539,IL1R2,0.0009098418
1497,FNIP2,0.0009086616
850,IL2,0.0009075263
1776,GNG11,0.00090516784
200,TRAV12-2,0.0009022894
1176,VAMP5,0.0008989161
1644,AL121899.1,0.00089514314
29,CCL8,0.0008764653
1385,DNAH3,0.00086619816
265,TRBV25-1,0.0008645888
757,LINC01943,0.00085827307
45,CXCL8,0.0008502996
658,NFKBIA,0.0008479047
1301,ID3,0.0008475162
722,TRGV4,0.00084458117
1134,ANKRD22,0.0008424414
1599,CABCOCO1,0.00084201596
1505,RAB25,0.000834246
193,CXCL5,0.0008170223
1315,CD14,0.00080055883
120,TRBV6-5,0.0007929928
96,MUC5B,0.0007869647
299,IFNG,0.00077960826
605,FOXI1,0.00077728886
1650,DZIP3,0.0007734197
1933,ATP6V0C,0.0007699264
1899,NSG1,0.00076924043
1699,RARRES3,0.00076636963
1330,EZR,0.00075680617
1402,CLCA2,0.00075326266
878,A2ML1,0.0007477461
42,IGHM,0.00074531423
389,CD1A,0.0007418796
1436,TNFRSF25,0.0007392121
1267,ZG16B,0.0007364846
178,TRBV10-2,0.000728821
108,MT1X,0.0007115798
1208,HSD17B13,0.0007061224
753,C22orf15,0.00070067967
1775,RASAL3,0.00069222343
408,GZMH,0.0006846078
583,HP,0.0006699148
509,CD3D,0.0006646696
99,TRBV7-6,0.00065934844
1907,CXCR2,0.0006377058
1866,GBP4,0.000634154
62,CXCL17,0.0006286321
1762,LRTOMT,0.0006246096
1739,CACNA1G,0.000622926
758,IL5,0.0006154529
504,CRIP1,0.00060862204
169,CXCL11,0.0006070537
519,RSAD2,0.00060465134
1,SCGB1A1,0.0005779444
344,CXCL14,0.0005741912
1625,TIMD4,0.00057396706
338,FN1,0.00057239167
950,CD300LB,0.00056891044
535,FOLR3,0.00055714627
795,IL6,0.0005549199
587,MTRNR2L8,0.00055487134
879,FOSB,0.00055302284
631,IFNE,0.00054767734
1746,RIBC1,0.0005415624
1299,SPEF1,0.00053630356
1026,IFNA17,0.0005344546
161,CXCL1,0.0005336642
118,CCL3,0.0005178096
1047,ZBBX,0.00051689346
1941,FAM84A,0.00051467505
562,CD69,0.0005134819
9,MSMB,0.00051030563
94,IL32,0.000509815
499,IGHV4-61,0.00050682254
653,CFAP300,0.0005061233
54,HBB,0.0005060479
135,MTRNR2L12,0.0005046545
891,SELL,0.00050236663
1593,LRRC74B,0.0004973385
1057,STEAP4,0.00049616984
402,IER3,0.00049447623
1437,RMRP,0.00048359417
1623,AC058791.1,0.00048201307
1480,AC105446.1,0.0004787127
1604,XIST,0.00047852885
1689,AL136962.1,0.00047492373
78,APOC1,0.0004688463
305,SAA2,0.000467625
1589,SLC5A3,0.0004635364
1487,BCL11A,0.00045168726
510,HES4,0.0004512473
588,IGLV9-49,0.00044631684
472,LAG3,0.00044318874
1156,DTHD1,0.00043583772
595,HDC,0.00043496277
1172,NEAT1,0.00043391716
16,SERPINB3,0.00042697007
616,ERICH3,0.0004223293
1222,AC015660.2,0.00041700996
5,WFDC2,0.00040992684
433,FABP6,0.00040963752
685,NR4A3,0.0004020012
239,C9orf116,0.0003920383
1082,GZMM,0.0003917944
400,IGKV1-9,0.00038462083
1123,CCDC153,0.0003784934
1588,CCR1,0.00037710075
67,PIGR,0.00037670598
287,SDS,0.00037196343
1654,NLRP3,0.00036851485
436,IGLVI-70,0.0003675923
189,TRAV14DV4,0.00035759894
2,SCGB3A1,0.0003536631
369,TSPAN19,0.00035206953
1617,FAM129B,0.0003506836
1821,CCDC181,0.0003498051
128,TRBV13,0.00034506488
645,ARC,0.0003439234
81,TRBV4-1,0.00034131247
959,THBD,0.00034093793
82,TPSB2,0.00034072297
1229,CFAP70,0.00033805845
844,AL139246.5,0.00033657643
184,IL1RL1,0.00033329282
1748,CYP4F22,0.00033289797
155,FXYD3,0.00032983112
1374,DNAH6,0.00032942812
1587,RGL1,0.00032940353
1981,MAP9,0.0003224127
747,IL12B,0.00031800318
1118,THEMIS,0.00031663434
441,PRSS22,0.00031561858
1342,IFT22,0.00031408176
1198,AL590705.1,0.00031122117
1668,KIAA1551,0.00031077204
1507,LINC02555,0.0003066092
756,GPX2,0.00030642643
751,HIST1H1E,0.0003042657
119,XCL1,0.00030377513
824,H1F0,0.00029956232
1093,HKDC1,0.00029818597
1781,LRRN3,0.00029731705
1237,HAS1,0.00029704726
1029,AQP4,0.0002956355
1339,PLIN2,0.00029517862
1575,CISH,0.0002946792
845,AC015912.3,0.00029419223
1611,LINC01571,0.0002895621
629,CNFN,0.00028924664
429,FCGR3B,0.00028731703
1130,EPCAM,0.00028651222
1519,PIH1D3,0.00028585913
1533,PTPRF,0.0002853874
841,SFTA1P,0.00028431293
1711,TSC22D1,0.0002840423
704,C12orf75,0.0002826575
522,NR4A1,0.00028256292
1621,MSX1,0.0002822969
681,SAXO2,0.00028102662
1181,ALAS2,0.00028020286
462,UBE2C,0.00027877738
727,RGS2,0.00027707816
1524,TTLL10,0.0002740379
827,FHL2,0.00027364434
306,TRAV23DV6,0.0002727758
1148,NUSAP1,0.0002727718
507,METTL7B,0.00027241776
279,TSPAN8,0.0002681793
364,SAT1,0.00026764462
1667,GATA3,0.0002674668
285,MAL,0.0002668177
1331,TRIM29,0.00026599076
1160,SYP,0.00026457483
899,TEKT2,0.0002642228
212,CXCL3,0.00026277863
707,RND3,0.0002587086
323,CCL24,0.00025777632
615,PIP,0.00025488797
1787,CCL23,0.0002530088
1506,OTOF,0.00025254925
989,MT-ATP8,0.0002517512
39,TMEM190,0.00025084394
495,LILRA4,0.00024773437
1278,NR1H3,0.000246819
1055,NEK5,0.0002464718
858,AQP1,0.000246045
398,UPK1B,0.0002459292
1072,AKAP12,0.00024428297
307,TRAV29DV5,0.00024008326
1464,TREM2,0.00023860262
1603,MX1,0.00023714475
1041,RIIAD1,0.0002314407
267,IGKV3-15,0.00023117178
935,C3,0.00023029088
97,SPINK1,0.00022397254
312,IGHV3-21,0.00022331692
1183,YIPF4,0.00022064763
304,IDO1,0.00022037972
349,IGHV3-66,0.00021993576
325,TRAV1-2,0.00021948629
1675,C11orf16,0.00021848803
1142,TEX26,0.00021668908
739,AC108134.2,0.00021523614
1544,AP000919.3,0.00021496997
1240,METRN,0.0002118059
603,PTGS2,0.0002104327
1870,HIF1A,0.00020980298
910,KLF2,0.00020826959
360,TRAV8-2,0.00020733317
744,OLIG2,0.00020703385
147,TRBV6-1,0.00020454744
576,LINC01871,0.00020378103
688,PEG10,0.00020278637
1354,GRAP2,0.00020253468
886,AL138899.1,0.0002010367
1641,FAM184B,0.00019970819
186,OMG,0.00019816788
60,TRBV12-4,0.0001979403
1372,DSG3,0.00019768304
1091,NR1D1,0.00019727371
407,IGHV1-3,0.00019593044
1522,MS4A6A,0.00019409021
438,IGHV1-69D,0.0001897096
1391,HIST2H2AB,0.00018761566
783,TMSB4X,0.00018657342
961,TMEM231,0.00018368897
660,CCDC146,0.00018064483
1084,LRRC8A,0.00018033893
334,IGKV1-27,0.00018025067
1213,A2M,0.00017986202
966,DPCD,0.00017910705
1048,TUSC3,0.00017738128
1167,SDC2,0.00017689996
237,CAPSL,0.00017679777
958,CCDC113,0.00017469472
142,LTB,0.00017467722
1054,TNFRSF9,0.00017451901
839,AC010834.2,0.00017412698
412,THBS1,0.00017402471
456,RETN,0.0001735925
1064,TRGC2,0.0001733492
1768,FAM174A,0.00017231927
829,HIST1H2AC,0.00017203554
1423,BTG2,0.00017173344
1356,LILRA5,0.00017096374
15,LCN2,0.00017010974
1831,CITED2,0.00016984266
521,PTPRCAP,0.00016973712
742,MMP10,0.00016858679
1390,MT-ND3,0.00016731407
260,CRCT1,0.00016500965
4,IGHV4-34,0.00016444644
1585,ALDH2,0.00016370593
639,FCN1,0.0001613421
434,CLCNKB,0.00016123909
183,FST,0.0001608083
406,CD1C,0.00016076771
561,NCCRP1,0.00016016763
1231,SSTR2,0.00015854882
451,IGKV1-17,0.00015830084
712,LINC02154,0.00015647692
1311,CD5,0.0001563998
516,PRDX5,0.00015603809
240,PPBP,0.0001551617
970,B9D1,0.00015410912
1950,VSIG1,0.00015388094
1470,GPNMB,0.00015262174
1451,CCL15,0.00015207828
366,TRAV8-1,0.00015138871
661,CLEC9A,0.00015104978
881,EGOT,0.00015085287
378,C5orf49,0.0001504186
1364,FANK1,0.00015041299
1582,TSC22D3,0.00015028182
1401,TMEM176A,0.00014944878
1083,ASPRV1,0.00014908735
699,FAM166B,0.00014693254
1822,ENAH,0.00014645162
623,NME5,0.0001441009
1239,WDR78,0.00014302693
478,IGKV1-6,0.00014237486
1013,DUSP5,0.00014122938
1633,ATP5IF1,0.00014075304
23,KRT19,0.00013917031
27,IGHA1,0.00013902174
1760,AC008079.2,0.0001384947
569,IFITM3,0.00013780176
665,KLRC2,0.00013691788
1994,RNASE6,0.00013356387
443,TRAV22,0.00013264317
534,PMAIP1,0.00013204964
18,MUC5AC,0.00013166039
1080,IFNA7,0.0001314438
1306,KCNJ15,0.00013058087
1697,TSLP,0.00013008967
701,PADI1,0.00012947748
224,KRT78,0.0001285439
512,IER5,0.0001258253
1031,PROM1,0.00012555727
1360,SFTPD,0.00012392229
923,PRR29,0.00012372927
1149,MEOX1,0.00012175374
1502,GADD45G,0.00012096905
821,MAFB,0.000120764445
61,AQP5,0.00011914553
1106,CEMIP,0.000119084856
636,CCL26,0.00011803816
1008,CKS2,0.00011744687
648,CD3G,0.00011654717
79,KRT8,0.00011637206
345,CXCL2,0.000115769304
497,IGLV3-27,0.00011573116
1929,AZGP1,0.000115027025
1447,CFAP221,0.00011438437
381,MS4A8,0.000112868554
136,C2orf40,0.00011179088
48,KRT7,0.00011163508
580,RSPH9,0.00010992872
1965,MMP25,0.00010909392
793,IGF1,0.0001081779
625,LINC01781,0.00010763365
1584,KLF4,0.00010755057
655,IGLV8-61,0.00010730763
993,KIF21A,0.00010684203
77,CCL17,0.00010682893
787,CAV1,0.00010638374
65,MT1H,0.00010620441
59,S100P,0.000105273524
976,HIST1H1C,0.00010445355
1900,NFKBIZ,0.00010422909
1153,HSPE1,0.00010249581
1178,CX3CR1,0.000101389785
1307,STAB1,9.978587e-05
765,VMO1,9.969606e-05
745,MMP19,9.924015e-05
1813,BCL2,9.84651e-05
173,PIFO,9.819006e-05
856,LMTK3,9.8042845e-05
332,MT1F,9.776748e-05
181,CD24,9.735446e-05
1494,HIST1H2BC,9.721571e-05
1960,AL136131.3,9.714794e-05
875,IFIT3,9.627033e-05
262,MT1A,9.37423e-05
797,RARRES2,9.2641814e-05
63,KRT13,9.23124e-05
720,CAMP,9.121441e-05
21,IGKC,9.11847e-05
802,CD1B,9.0744514e-05
460,KIT,9.068667e-05
1158,LTC4S,9.035914e-05
290,IGHV3-72,8.94433e-05
236,TUBB4B,8.9322726e-05
700,SPINK7,8.85683e-05
1107,MUC12,8.845548e-05
1498,AGRP,8.8173416e-05
382,TNFSF15,8.745606e-05
1556,PDK4,8.666495e-05
1165,TRBV7-4,8.638685e-05
1856,CFAP298,8.614838e-05
1710,ETS2,8.563958e-05
983,CRYBA4,8.537377e-05
1405,KLF6,8.4462416e-05
1956,CD320,8.4439314e-05
859,ALDH1A1,8.328915e-05
157,IGKV3-11,8.2325714e-05
1987,SLFN12L,8.201607e-05
469,TRAV16,7.9375684e-05
1688,MT-ND6,7.9057936e-05
1406,KLF10,7.849698e-05
384,TNF,7.844091e-05
150,CCNO,7.8418154e-05
1937,C1orf54,7.7628894e-05
1847,C17orf97,7.6961405e-05
1289,C6orf118,7.6845376e-05
1248,CIR1,7.671935e-05
682,STMN1,7.661178e-05
269,IL1RN,7.616772e-05
995,GAL,7.524116e-05
1256,CREM,7.5137286e-05
288,IGLV1-51,7.416768e-05
939,ADM,7.4157244e-05
1333,AC013457.1,7.3959636e-05
363,MUC21,7.378923e-05
1680,SAMSN1,7.305136e-05
1523,SNHG12,7.117799e-05
76,TPSAB1,6.947033e-05
43,CAPS,6.915107e-05
57,C20orf85,6.844178e-05
1538,ACSL1,6.798028e-05
284,SFTPC,6.764943e-05
1703,SIRPG,6.722646e-05
585,MUCL1,6.6554465e-05
840,SH2D1B,6.64776e-05
1284,MSC,6.639898e-05
1681,H1FX,6.639502e-05
93,C1orf194,6.6388e-05
1993,MAATS1,6.6057335e-05
1323,ENPP1,6.564726e-05
8,GNLY,6.550264e-05
1404,SQSTM1,6.4632455e-05
1419,S1PR1,6.4625834e-05
459,PLAU,6.459465e-05
1207,HIST1H3I,6.311466e-05
1090,ADGRG3,6.146893e-05
1832,SDC1,6.1459665e-05
1234,IL4I1,6.108259e-05
293,TDO2,6.0730126e-05
1753,ENDOG,6.030484e-05
1601,AC008703.1,6.0027214e-05
1462,MYH14,5.9975016e-05
1161,TSPAN6,5.986599e-05
1457,MT-CO2,5.9611328e-05
291,IGKV2-24,5.8652495e-05
3,IGLV3-19,5.762595e-05
297,TCL1A,5.7550955e-05
1347,CD55,5.7282952e-05
571,TRAV39,5.6468707e-05
1317,SERPINE1,5.551178e-05
1943,CLEC4D,5.5267297e-05
729,DDIT3,5.522347e-05
1931,CCNB1,5.450269e-05
1797,LPL,5.4378394e-05
1951,CFP,5.434385e-05
657,TNFSF10,5.3777418e-05
37,MT1G,5.3583037e-05
848,CRNDE,5.356852e-05
1394,NDRG2,5.3174772e-05
952,NMB,5.2909072e-05
1076,SEPT1,5.1773066e-05
386,LGMN,5.09243e-05
313,KLRC1,5.0826704e-05
1483,CD38,5.0133418e-05
166,IGKV1-5,4.905067e-05
1226,CAMK4,4.8746122e-05
266,IFNA13,4.872941e-05
1527,NFATC2,4.8708596e-05
1558,STK17A,4.8148155e-05
1853,LINC01268,4.803173e-05
270,CYP1B1,4.7426052e-05
711,CXCR4,4.7233138e-05
202,IL1B,4.6864967e-05
1314,CD9,4.6758163e-05
1764,LRP11,4.6214882e-05
1329,AK4,4.615835e-05
985,HIST1H1D,4.609676e-05
1842,AC093010.2,4.5703233e-05
1045,CCR6,4.535479e-05
1382,ADAMDEC1,4.482257e-05
30,SERPINB2,4.4698587e-05
652,CH25H,4.4115925e-05
1214,PTX3,4.4002983e-05
992,MT3,4.3994565e-05
780,PLA2G7,4.3554406e-05
1491,CST3,4.344808e-05
143,RSPH1,4.3191903e-05
1868,IGKV1OR2-108,4.312991e-05
319,TRBV14,4.259973e-05
1590,CCDC40,4.1119372e-05
1843,PLVAP,4.1112922e-05
387,C1QB,4.0570863e-05
1718,LAD1,3.9845156e-05
1205,TNFAIP3,3.9554703e-05
213,TRAV3,3.945113e-05
1275,MSR1,3.944061e-05
1021,CLDN7,3.9400824e-05
69,SFTPB,3.926738e-05
98,TSPAN1,3.887512e-05
485,LTF,3.8796254e-05
1499,AC084033.3,3.86168e-05
1594,PDCD1,3.8457205e-05
1238,FPR3,3.7867554e-05
1835,AMH,3.691284e-05
1707,AL355312.4,3.6741167e-05
988,TMIGD2,3.621329e-05
1742,RFX3,3.5811216e-05
1559,ACAP1,3.5148987e-05
1687,SGTB,3.5124613e-05
1709,LMOD3,3.500958e-05
876,AKR1C2,3.3641732e-05
697,CD27,3.3548553e-05
158,TRBV18,3.3532637e-05
725,CD300E,3.3453765e-05
1242,GPR15,3.338357e-05
768,AC020656.1,3.327892e-05
1285,IQCN,3.235851e-05
533,CTSW,3.214113e-05
1579,TCHH,3.164191e-05
527,TRBV21-1,3.1350406e-05
1028,CCDC114,3.097788e-05
1895,TRH,3.0977462e-05
1717,LSR,3.0505407e-05
351,NUPR1,2.9095338e-05
1241,BTG1,2.9087714e-05
1696,TVP23A,2.9085546e-05
543,HMGB2,2.874635e-05
1199,TMEM176B,2.8252663e-05
391,IGHV5-51,2.8250653e-05
622,IFITM2,2.8149794e-05
208,CXCL6,2.7885271e-05
1253,CYSRT1,2.778534e-05
1426,TNFRSF13C,2.7347303e-05
573,TIGIT,2.7202477e-05
1358,CENPM,2.7104752e-05
275,IGKV2-30,2.658108e-05
137,GSTA2,2.6360796e-05
1715,CD59,2.6255499e-05
601,SLC44A4,2.5770058e-05
148,CCL22,2.5543974e-05
1000,C16orf89,2.5048994e-05
671,FAM129C,2.4999837e-05
1818,APOBEC3H,2.4818222e-05
1434,MYC,2.464561e-05
1159,GADD45A,2.4439636e-05
1443,DUOX2,2.4425277e-05
582,TRBV6-4,2.4095962e-05
1672,GCNT3,2.3641685e-05
1147,GBP1,2.3328283e-05
140,MMP12,2.3210505e-05
1336,C21orf58,2.2998678e-05
1777,AL158071.3,2.2997196e-05
12,CCL4L2,2.2894425e-05
971,TXNDC5,2.2875707e-05
331,IGHV3-53,2.280222e-05
599,C11orf97,2.2675558e-05
1454,LINC00926,2.2611839e-05
1970,AC020659.1,2.2429109e-05
1897,ANPEP,2.2109896e-05
1321,TSTD1,2.1906839e-05
1786,RND1,2.172136e-05
1188,CAMK2N1,2.119503e-05
52,TPPP3,2.089418e-05
203,TRAV13-1,2.0646088e-05
1638,ELANE,2.0613823e-05
1713,AC007032.1,2.056695e-05
1961,CREB3L1,2.053587e-05
1375,AC003092.1,2.0444371e-05
1004,HIST1H2BM,2.0357149e-05
232,AL357093.2,2.0243302e-05
1693,HERC5,2.0222087e-05
969,IGHV1-69,1.9628973e-05
298,CKB,1.9588722e-05
1789,ACY3,1.9392994e-05
586,IFITM1,1.870122e-05
953,HIST1H3G,1.8569375e-05
175,TRAV21,1.8517976e-05
218,IGHA2,1.7917275e-05
238,XCL2,1.7574263e-05
1192,CFAP100,1.7241828e-05
1230,SPACA9,1.7234886e-05
1949,CCDC74B,1.722565e-05
1144,FYN,1.7197146e-05
215,IGLV7-43,1.718481e-05
579,LDLRAD1,1.7038057e-05
680,TPSD1,1.6961416e-05
1431,IGLC7,1.6849062e-05
1874,INSL3,1.6843118e-05
1927,PGLYRP2,1.6842563e-05
1946,ARNT2,1.6778331e-05
968,AC129926.1,1.6726623e-05
423,IGHV2-70,1.5871297e-05
1566,LAT,1.5255181e-05
68,GSTA1,1.5197067e-05
385,IGHV1-24,1.5021727e-05
932,MXD1,1.4850414e-05
632,GPR183,1.46783905e-05
1723,PRSS2,1.4551863e-05
475,SLURP2,1.4267974e-05
1890,IRF1,1.4264753e-05
558,FAM3D,1.4063125e-05
972,CES1,1.4035041e-05
310,SPINK5,1.3826195e-05
1039,TRAT1,1.38102705e-05
422,ZNF683,1.3498518e-05
1066,PDLIM4,1.3487735e-05
1399,AC004130.1,1.3364582e-05
347,SMIM22,1.2927036e-05
139,IGKV4-1,1.2604347e-05
805,FAM30A,1.2455025e-05
1844,AC091808.1,1.2031913e-05
1501,HEPACAM2,1.1972107e-05
949,TRAF1,1.1840087e-05
132,FAM183A,1.1446646e-05
836,DNAH9,1.1141231e-05
511,HIF1A-AS2,1.110535e-05
1691,TRGV5,1.0950767e-05
538,DUOXA2,1.0838272e-05
75,KRT6A,1.0605113e-05
409,IGKV1D-33,1.0574596e-05
1865,PRR15,1.0328367e-05
1428,SIGLEC6,1.0316096e-05
66,C9orf24,1.01605765e-05
1233,AGXT,1.0124021e-05
673,DDIT4,9.641463e-06
466,HSP90B1,9.580945e-06
1417,GPR174,9.110865e-06
448,CLEC4C,9.01538e-06
361,HOPX,8.863261e-06
1438,IRAK2,8.823735e-06
273,IGHV3-11,8.58424e-06
411,TRAV6,8.533828e-06
1475,CFAP46,8.390425e-06
1185,HLA-DQB1,8.342223e-06
1352,MLF1,8.250669e-06
1765,GCSAM,7.673113e-06
1664,FOLR1,7.2983635e-06
501,DNAH5,7.2150315e-06
1141,LUCAT1,7.1044196e-06
1466,LTA4H,7.09794e-06
1880,IGFL1,6.9290463e-06
1292,SLC2A3,6.9250013e-06
996,RRM2,6.637203e-06
1839,PLXDC1,6.4541728e-06
541,SPRR1A,6.211442e-06
114,TRBV10-3,6.1220835e-06
231,CCL13,5.971893e-06
465,DKK1,5.9615027e-06
1932,CACNA2D3,5.9423774e-06
1296,PPIF,5.8353926e-06
1397,P2RY13,5.773339e-06
1137,DLEC1,5.6298695e-06
1780,SYTL3,5.595346e-06
1552,PTPRE,5.3528765e-06
1302,CCRL2,5.1189268e-06
584,TEKT1,5.008301e-06
1232,PCLAF,4.889454e-06
1788,NPHP1,4.852788e-06
1571,DSP,4.794568e-06
1371,RHOD,4.485429e-06
842,HAP1,4.437107e-06
1387,SERPINF1,4.208551e-06
333,S100A16,4.2000534e-06
703,PLAC8,4.156147e-06
826,IGLV1-36,4.0961036e-06
283,SPRR2A,3.6346987e-06
1716,FPR1,3.610125e-06
1971,AL356417.1,3.5682483e-06
1269,ODF3B,3.348238e-06
1277,BBOF1,3.299363e-06
1341,CD83,3.2601329e-06
1539,IGHV3-71,3.1346156e-06
1973,EPHX1,3.1241393e-06
1877,IQCG,3.0380336e-06
1767,MAOB,3.030936e-06
664,GEM,2.9205253e-06
1692,TNFSF13B,2.3698365e-06
500,IGHV3-74,2.320724e-06
794,TCTEX1D2,2.3104203e-06
1334,PHACTR1,2.2052113e-06
1802,CLIC6,1.8674359e-06
520,AL365226.2,1.8632254e-06
575,ALOX15,1.6593958e-06
64,DNAJB1,1.5936093e-06
865,DMKN,1.4841357e-06
84,S100A12,1.3935958e-06
413,ORM1,1.3855017e-06
572,EFHC1,1.3059621e-06
882,CP,1.0254754e-06
548,DNASE1L3,3.769451e-07
1846,AP003354.2,3.3509104e-07
1747,CBLB,1.370311e-07
1014,JUN,3.071947e-08
1424,HIST3H2A,2.898594e-08
1482,ZNF80,0.0
1471,PLAUR,0.0
1459,KLRC4,0.0
25,HSPA6,0.0
1460,SYTL2,0.0
1481,VSIG2,0.0
1450,KLB,0.0
1468,IL19,0.0
1257,SYNE1,0.0
1449,RORA,0.0
1473,ATP2B1-AS1,0.0
1467,CFAP44,0.0
1448,CSF3R,0.0
1484,GPR162,0.0
1485,AL354766.2,0.0
1268,NMU,0.0
1461,KRT80,0.0
1465,PLEKHS1,0.0
1463,AC013470.2,0.0
1472,CEL,0.0
26,LYPD2,0.0
1458,JUNB,0.0
1263,FCMR,0.0
1477,RPS20,0.0
1455,LIME1,0.0
1273,PFN2,0.0
1476,PLA2G2D,0.0
1272,CEACAM1,0.0
1274,ATF5,0.0
1265,LY9,0.0
1452,GCH1,0.0
1264,DNAH7,0.0
1262,FEZ1,0.0
1270,CCK,0.0
1478,NLRC3,0.0
1479,CDH1,0.0
1456,ZNF277,0.0
1261,BASP1,0.0
1271,DNAH10,0.0
1260,C11orf96,0.0
1474,CCDC190,0.0
1259,C5orf63,0.0
1266,BCL11B,0.0
1258,OSCP1,0.0
1421,TAGAP,0.0
1276,ZFP36L1,0.0
1320,ITGA4,0.0
1344,PIM1,0.0
1386,CLDN9,0.0
1388,CD163,0.0
1343,PKIB,0.0
1340,PI16,0.0
28,CCL4,0.0
1338,RCAN2,0.0
1337,CDC20,0.0
1392,TRGV3,0.0
32,CCL5,0.0
1393,C5orf66-AS1,0.0
1332,EOMES,0.0
1328,MT-ND4L,0.0
1327,LYVE1,0.0
1395,ANXA1,0.0
1396,SPINT2,0.0
1326,MET,0.0
1325,LEF1,0.0
1398,CRLF2,0.0
1324,CDT1,0.0
1400,TNFAIP8L1,0.0
1403,Z93241.1,0.0
1322,PLEKHF1,0.0
1384,ZNF556,0.0
1345,DNAI1,0.0
1346,AC133644.2,0.0
31,CCL2,0.0
1363,MYL9,0.0
1366,ACTN2,0.0
1367,LINC01765,0.0
1368,ATP12A,0.0
1369,MAFA,0.0
1362,IL36G,0.0
1361,HIST2H2BF,0.0
1370,PACRG,0.0
1359,PLS3,0.0
1357,AL672032.1,0.0
1353,SH2D1A,0.0
1381,NTRK1,0.0
1373,FXYD2,0.0
1351,CDKN2B,0.0
1350,DCDC2B,0.0
1349,CA2,0.0
1348,IL23R,0.0
1376,H3F3B,0.0
1377,TNFSF18,0.0
1378,PITX1,0.0
1379,HIST1H2BJ,0.0
1380,MIR3945HG,0.0
1407,LINC02478,0.0
1319,LINC00707,0.0
1279,CRIP2,0.0
1408,NMUR1,0.0
1298,PTTG1,0.0
1432,ALPL,0.0
1433,C4orf47,0.0
1297,XBP1,0.0
1295,SIT1,0.0
1294,MIA,0.0
1293,SPAG8,0.0
1435,CCDC187,0.0
1291,TGM3,0.0
1290,PLAC4,0.0
1288,HPSE,0.0
1287,CD36,0.0
1286,MOV10L1,0.0
1439,CCNA1,0.0
1440,Z82206.1,0.0
1441,UPB1,0.0
1442,FCRLA,0.0
1444,ENHO,0.0
1283,EMP2,0.0
1282,SLC4A1,0.0
1445,AC120193.1,0.0
1281,TENT5C,0.0
1280,CDK1,0.0
1430,METTL27,0.0
1300,SOCS3,0.0
1303,HIST1H2BG,0.0
1313,SKAP1,0.0
1318,LAMP5,0.0
1409,SHISA8,0.0
1410,ADAM19,0.0
1316,FGL2,0.0
1411,AC092484.1,0.0
1412,CEBPD,0.0
1413,CD93,0.0
1414,AC015819.2,0.0
1415,LINC02076,0.0
1416,NR4A2,0.0
1418,TOGARAM2,0.0
1429,AL078644.2,0.0
1420,CCR4,0.0
1422,AC245014.3,0.0
1312,PPP1R32,0.0
1310,C10orf55,0.0
1425,SLAMF1,0.0
1309,DYNC2H1,0.0
1308,LINC02397,0.0
1427,HES6,0.0
1305,PYHIN1,0.0
1304,SOX2,0.0
1486,AL078604.2,0.0
90,NKG7,0.0
1488,HIST1H4L,0.0
1828,STAT4,0.0
1841,H2AFX,0.0
1840,EPHA2,0.0
1838,AC242022.1,0.0
1837,PMP22,0.0
1836,PDE4D,0.0
1834,MEF2C,0.0
1833,AL358075.2,0.0
1829,AL139246.3,0.0
1827,AC012236.1,0.0
1848,HELB,0.0
1826,OXNAD1,0.0
1825,SLC7A5,0.0
1824,RPL36A,0.0
1823,NEK10,0.0
1819,CAV2,0.0
10,IGLC3,0.0
11,JCHAIN,0.0
1815,ATG9B,0.0
1845,GJA1,0.0
1849,RFX8,0.0
1878,SCNN1B,0.0
1862,ZP3,0.0
1875,CSF2RB,0.0
1873,TACC2,0.0
1872,OSBPL6,0.0
1871,PDE4B,0.0
1869,ATP6V1B1,0.0
1867,OXTR,0.0
1864,PASK,0.0
1863,AP005271.1,0.0
1861,RAB36,0.0
1850,C12orf74,0.0
1860,AC064805.1,0.0
7,IGHG1,0.0
1858,PPP1R42,0.0
1857,TRIM58,0.0
1855,TGFBI,0.0
1854,SMIM5,0.0
1852,LRRC71,0.0
1851,C7orf57,0.0
1814,CLUAP1,0.0
1812,FCRL6,0.0
1811,PLK1,0.0
1766,IRF8,0.0
1779,NEDD9,0.0
1778,SLC14A1,0.0
1774,JUP,0.0
1773,CALCRL,0.0
1772,ABLIM1,0.0
1771,TNFSF4,0.0
1770,TESPA1,0.0
1769,HPCAL4,0.0
1763,LILRB2,0.0
1810,TNC,0.0
1761,SLCO5A1,0.0
1759,HIST1H3H,0.0
1758,LINC02084,0.0
1757,F2R,0.0
1756,FGF14,0.0
1755,MT-CO1,0.0
1754,AC009303.2,0.0
1752,PHGDH,0.0
1782,TMC4,0.0
1783,SLC12A8,0.0
1784,TCF4,0.0
1785,MAP3K19,0.0
1809,NELL2,0.0
1808,CNN3,0.0
1807,CYP24A1,0.0
1806,SUSD2,0.0
1805,WDR34,0.0
1804,CCDC30,0.0
1803,SCIN,0.0
1801,PPP2R2B,0.0
1800,LINC02541,0.0
1799,HIST2H2BE,0.0
1798,HCAR1,0.0
1795,FAM126B,0.0
1794,LINC00342,0.0
1793,PRMT5-AS1,0.0
1792,AC006369.1,0.0
1791,AC090970.2,0.0
1790,ZCCHC18,0.0
1876,MTRNR2L10,0.0
1879,PCSK1N,0.0
1489,DNAAF3,0.0
1955,AC092535.4,0.0
1968,SYTL1,0.0
1967,CFAP77,0.0
1964,C15orf53,0.0
1963,PBXIP1,0.0
1962,PFKFB3,0.0
1959,AGT,0.0
1958,SLC2A5,0.0
1957,AC023355.1,0.0
1954,PLD3,0.0
1972,C1orf61,0.0
1953,OLFML3,0.0
1952,HSPB9,0.0
1948,LMNA,0.0
1947,ZNF831,0.0
1945,SPHK1,0.0
1944,BHLHE40-AS1,0.0
1942,EFHB,0.0
1940,PTP4A3,0.0
1969,RGS22,0.0
1974,STARD10,0.0
1881,ADGRF4,0.0
1986,FAM102A,0.0
1997,KIR3DX1,0.0
1996,AL138781.1,0.0
1995,CLLU1OS,0.0
1992,GPR42,0.0
1991,TMPRSS11A,0.0
1990,AC091271.1,0.0
1989,AL121748.1,0.0
1988,AC078864.2,0.0
1985,HSPA2,0.0
1975,SPATA17,0.0
1984,ANKS1B,0.0
1983,LINC01934,0.0
1982,IL18R1,0.0
1980,VIM,0.0
1979,FCER2,0.0
1978,AC243960.1,0.0
1977,ARID5B,0.0
1976,SV2A,0.0
1939,SERPINE2,0.0
1938,VCAM1,0.0
1936,HMMR,0.0
1893,AC109446.3,0.0
1905,IFT27,0.0
1904,NOS2,0.0
1903,MAFF,0.0
1902,RPL27A,0.0
1901,CPNE7,0.0
1898,LIM2,0.0
1896,IPCEF1,0.0
1894,CFAP47,0.0
1892,FOSL1,0.0
1935,AC026726.1,0.0
1891,AP005482.1,0.0
1889,AC092803.2,0.0
1888,CCR8,0.0
1887,AC106881.1,0.0
1886,PLK2,0.0
1885,HMGB3,0.0
1883,RFLNB,0.0
1882,CD79B,0.0
1906,COL22A1,0.0
1908,KREMEN2,0.0
1909,TJP3,0.0
1910,BACE2,0.0
1934,TMEM232,0.0
1930,ST6GALNAC1,0.0
1928,VSIG4,0.0
1926,TK1,0.0
1925,PRR5,0.0
1923,SOX8,0.0
1922,PDPN,0.0
1921,CCDC141,0.0
1920,LURAP1L,0.0
1919,LINC02273,0.0
1918,WNT11,0.0
1917,VGF,0.0
1916,CCNA2,0.0
1915,ANKUB1,0.0
1914,OLFML2B,0.0
1913,PLPP3,0.0
1912,CYTIP,0.0
1751,ODF2L,0.0
1750,NAP1L2,0.0
1749,DKK3,0.0
1567,AC009630.2,0.0
1577,CDH5,0.0
1576,BIK,0.0
1574,ICAM1,0.0
1573,TNFRSF17,0.0
1572,KLRG1,0.0
1570,PRSS21,0.0
1569,CFAP65,0.0
1568,CLCF1,0.0
1565,IGFBP4,0.0
22,KRT17,0.0
1564,LRRC10B,0.0
1563,CD200,0.0
1562,ZDHHC1,0.0
1561,AFAP1,0.0
1560,AC005280.2,0.0
1557,SCUBE1,0.0
1555,IRX3,0.0
1554,WIF1,0.0
1578,LINC02009,0.0
1581,SLC38A1,0.0
1745,HOXA9,0.0
1606,S100A10,0.0
1616,EPHB1,0.0
1615,IQCD,0.0
1614,AL627422.2,0.0
17,S100A2,0.0
1612,LINC00664,0.0
1610,SIGLEC10,0.0
1609,PPP4R1-AS1,0.0
1607,CCDC65,0.0
1605,AL356356.1,0.0
1583,AC005392.2,0.0
1602,CFD,0.0
1600,RUNX3,0.0
1598,LAMC2,0.0
1597,TPX2,0.0
1596,DOK7,0.0
1592,TLR10,0.0
1591,AC099062.1,0.0
1586,AC010542.4,0.0
1553,TSPYL2,0.0
1551,MYBL1,0.0
1550,FLT3LG,0.0
1509,AC026369.3,0.0
1517,STK33,0.0
1516,TIMP4,0.0
1515,GJB2,0.0
1514,HS3ST2,0.0
1513,AC005837.1,0.0
1512,SEMA6B,0.0
1511,AC015849.1,0.0
1510,CXCR5,0.0
24,BPIFA1,0.0
1549,DNAJB13,0.0
1504,PLAT,0.0
1503,RAC2,0.0
1500,NXPH4,0.0
1496,OCIAD2,0.0
1495,TYROBP,0.0
1493,XIRP1,0.0
1492,TC2N,0.0
1490,HIST1H4B,0.0
1518,PPIAL4G,0.0
1520,TRGC1,0.0
1521,AC084871.2,0.0
1525,SNAI1,0.0
1548,TSHZ2,0.0
1547,KCNE5,0.0
1546,IGLV5-48,0.0
1545,DPP4,0.0
1543,TUBA4A,0.0
1542,UBXN10,0.0
1541,RIPOR2,0.0
1540,BIRC5,0.0
1536,TMPRSS4,0.0
1535,RTKN2,0.0
1534,AC020571.1,0.0
1532,SOCS2,0.0
1531,AC136475.9,0.0
1530,DEUP1,0.0
1529,IGHGP,0.0
1528,LINC00520,0.0
1526,ZFP36L2,0.0
1618,LIPA,0.0
1619,AC026310.2,0.0
1620,PCDH9,0.0
1701,BBC3,0.0
1719,IFNL2,0.0
1714,HIST1H2BI,0.0
1712,MIR4435-2HG,0.0
1708,LINC00944,0.0
1706,SERPINB13,0.0
1705,PRDM1,0.0
1704,C7orf61,0.0
1702,PIK3R3,0.0
1700,LRRC26,0.0
1678,PLCG2,0.0
1698,SPON1,0.0
1695,P2RY8,0.0
1694,TLR2,0.0
13,IGHG4,0.0
1686,BATF,0.0
1685,CYTOR,0.0
1684,TIFA,0.0
1682,HSPA1L,0.0
1720,AC002456.1,0.0
1721,SMC4,0.0
1722,RHEX,0.0
1724,AC089983.1,0.0
1744,CD226,0.0
1743,MISP,0.0
1740,MUC15,0.0
1738,PACSIN1,0.0
1737,SMIM24,0.0
1736,ADGRB1,0.0
1735,C12orf42,0.0
1734,AC017002.3,0.0
1733,NCAM1,0.0
1732,AC105227.1,0.0
1731,CEACAM3,0.0
1730,ATP1B2,0.0
1729,SEC11C,0.0
1728,RNF39,0.0
1727,TTC25,0.0
1726,NCR1,0.0
1725,IL18RAP,0.0
1679,ABCB1,0.0
1677,AC136475.3,0.0
1622,TNFRSF13B,0.0
1635,MTRNR2L13,0.0
1646,PGC,0.0
1645,AEBP1,0.0
1643,PRSS3,0.0
1642,CDKN1C,0.0
1640,STMND1,0.0
1639,MARCH10,0.0
1637,KIF5C,0.0
1636,SLC35F3,0.0
1634,TBX21,0.0
1676,SPTBN1,0.0
1632,IGFL2,0.0
1631,AC135782.1,0.0
1630,IFT172,0.0
1629,RPL13A,0.0
1628,EMB,0.0
1627,CD19,0.0
1626,ICOS,0.0
1624,RCAN1,0.0
1255,NCR3,0.0
1648,IGKV1-13,0.0
1649,CCR2,0.0
1652,CTSD,0.0
1674,HLA-DPA1,0.0
1673,DEPP1,0.0
1671,DUSP14,0.0
1670,MYBL2,0.0
1669,KCNN1,0.0
1666,PDLIM3,0.0
1665,FAM227A,0.0
1663,RASGRP1,0.0
1662,CYP2A6,0.0
1661,DMGDH,0.0
1660,TNFSF8,0.0
1659,GSN,0.0
1658,PTPN7,0.0
1657,CSTB,0.0
1656,TXK,0.0
1655,MT-ATP6,0.0
1653,SLC27A2,0.0
1647,DNAJB4,0.0
1044,AL031429.1,0.0
1254,MIAT,0.0
486,HMOX1,0.0
496,PERP,0.0
494,ADH1C,0.0
493,ROPN1L,0.0
492,IFI27,0.0
491,INHBA,0.0
490,CFAP126,0.0
489,CXCR6,0.0
488,IGKV1D-8,0.0
487,TRAV4,0.0
484,TRAV34,0.0
545,TRBC2,0.0
483,CLDN1,0.0
482,ASCL3,0.0
481,SCT,0.0
480,MUC2,0.0
479,HIST1H3B,0.0
477,TNFRSF12A,0.0
476,CLU,0.0
474,TRAC,0.0
70,TRBV7-2,0.0
498,FCGBP,0.0
502,IGHV3-49,0.0
503,TRAV40,0.0
505,AC023157.3,0.0
542,SCGB3A2,0.0
540,KRT24,0.0
537,KIR2DL1,0.0
536,TRBV10-1,0.0
532,RBKS,0.0
531,TRAV35,0.0
530,TYMS,0.0
529,KRT6B,0.0
528,FABP3,0.0
526,KRT14,0.0
525,SCEL,0.0
524,VCAN,0.0
523,TIMP3,0.0
518,IGKV1D-12,0.0
515,FGFBP2,0.0
514,CRNN,0.0
513,IGHV3-13,0.0
508,IGHV3-33,0.0
506,IGHV2-5,0.0
471,IFIT2,0.0
470,IFNA10,0.0
468,SLC18A2,0.0
431,RGS1,0.0
74,HSPA1B,0.0
427,TRAV8-6,0.0
426,IGLV7-46,0.0
424,IGHV1-18,0.0
420,SLC34A2,0.0
419,HIST1H2AG,0.0
418,DNAAF1,0.0
417,FOXP3,0.0
416,TRAV26-1,0.0
415,SERPINH1,0.0
410,LRRIQ1,0.0
405,CD177,0.0
404,TNFAIP6,0.0
403,ISG15,0.0
401,MORN5,0.0
399,ADIRF,0.0
397,IFNW1,0.0
396,TRAV26-2,0.0
395,ANKRD1,0.0
430,IGKV2D-28,0.0
432,SPRR2D,0.0
71,HSPA1A,0.0
435,TMIGD3,0.0
464,HIST1H3F,0.0
463,HSPH1,0.0
461,DNAH12,0.0
72,IFNB1,0.0
73,G0S2,0.0
455,CSF2,0.0
454,CTSE,0.0
453,TRBV23-1,0.0
452,C15orf48,0.0
450,C1QA,0.0
449,TRBC1,0.0
447,TRAV30,0.0
446,CD79A,0.0
445,PROK2,0.0
444,TKTL1,0.0
442,MMP1,0.0
440,MT2A,0.0
439,FAM92B,0.0
437,CYR61,0.0
544,KLF5,0.0
546,CFAP53,0.0
393,APOC2,0.0
643,PMCH,0.0
663,LAMB3,0.0
662,IGKV2-29,0.0
659,SPOCK2,0.0
656,HIST1H3C,0.0
654,FAM229B,0.0
650,IGHV3-64,0.0
647,TRGV10,0.0
646,CYP1A1,0.0
644,MARCKSL1,0.0
642,SPNS2,0.0
549,IGHV3-48,0.0
641,ATP6V1G3,0.0
640,CORO1A,0.0
638,MUC20,0.0
637,BIRC3,0.0
635,CDHR3,0.0
634,TRAV36DV7,0.0
633,MAL2,0.0
630,GPR171,0.0
628,SNCG,0.0
666,MCEMP1,0.0
667,RNASE7,0.0
668,FAM216B,0.0
669,EFCAB1,0.0
698,FFAR2,0.0
696,IFI30,0.0
694,NOV,0.0
693,LGALS2,0.0
692,CPA4,0.0
691,LRRC70,0.0
690,POU2AF1,0.0
689,OLIG1,0.0
687,IGFBP5,0.0
686,KIR3DL1,0.0
684,IL21,0.0
683,TNFSF14,0.0
679,ADGRF1,0.0
677,MKI67,0.0
676,KRT81,0.0
675,ATF3,0.0
674,CXCR1,0.0
672,ITM2C,0.0
670,CCDC170,0.0
627,HSPB8,0.0
626,GIMAP7,0.0
624,C1orf189,0.0
590,ACOD1,0.0
581,CLC,0.0
578,HLA-DRB1,0.0
577,ID1,0.0
570,IGKV1-8,0.0
568,SLC6A14,0.0
567,LINC01480,0.0
566,TRGV9,0.0
565,FLG,0.0
564,IGLV3-21,0.0
563,AKR1C1,0.0
560,DNALI1,0.0
559,CLIC3,0.0
557,CCDC17,0.0
556,WDR38,0.0
555,ZFAND2A,0.0
554,DNAJA4,0.0
553,SERPINB4,0.0
552,SOD2,0.0
550,TFPI2,0.0
589,AC013264.1,0.0
591,TMC5,0.0
621,IGKV6-21,0.0
593,TNFRSF18,0.0
620,EBI3,0.0
619,PLD4,0.0
618,EGR4,0.0
617,TOP2A,0.0
614,LRRC46,0.0
612,DRC3,0.0
611,IL2RA,0.0
610,CLCA4,0.0
609,AC107959.4,0.0
608,HIST1H1B,0.0
607,PPP1R14A,0.0
606,CD74,0.0
604,IGHV5-10-1,0.0
602,EGR1,0.0
600,IGHV4-28,0.0
598,IFNA21,0.0
597,GABRP,0.0
596,RBP4,0.0
594,TUBA1A,0.0
394,HSPB1,0.0
390,ZMYND10,0.0
705,EPS8L2,0.0
182,IGLV1-44,0.0
196,TRDV2,0.0
195,IGHV4-39,0.0
194,ELF3,0.0
192,TRAV38-2DV8,0.0
191,CHI3L1,0.0
190,TRAV12-3,0.0
188,PTGDS,0.0
187,IGHV3-7,0.0
185,TRBV19,0.0
180,TRBV27,0.0
233,IFNL1,0.0
179,AREG,0.0
177,TRAV20,0.0
176,CLDN3,0.0
83,MT1M,0.0
172,TRAV27,0.0
171,CCR7,0.0
170,CEACAM5,0.0
168,APOE,0.0
167,IGLL5,0.0
197,S100A14,0.0
198,IGHG2,0.0
199,HBA2,0.0
201,IGHV4-59,0.0
229,EDN2,0.0
228,TRBV7-3,0.0
227,TRBV11-3,0.0
226,TRBV2,0.0
225,GDF15,0.0
223,MS4A2,0.0
222,MUC16,0.0
221,TRAV17,0.0
220,HRASLS2,0.0
217,IGLV2-11,0.0
216,AQP3,0.0
214,IGLV1-47,0.0
211,MT1E,0.0
210,S100A9,0.0
209,TNFRSF4,0.0
207,TRAV10,0.0
206,S100B,0.0
205,ECM1,0.0
204,HCAR3,0.0
165,IGHV6-1,0.0
86,TRBV7-9,0.0
162,TRBV24-1,0.0
123,TRBV28,0.0
121,IGKV1D-39,0.0
117,CCL20,0.0
116,TRBV5-5,0.0
115,IGHG3,0.0
113,SPRR3,0.0
112,IGKV1-39,0.0
111,TRBV5-1,0.0
110,TRBV9,0.0
109,TRBV4-2,0.0
107,GZMA,0.0
106,CPA3,0.0
105,SFTPA2,0.0
104,IGLV3-25,0.0
103,CXCL9,0.0
102,SFN,0.0
89,IGHV3-23,0.0
100,IGHV4-4,0.0
95,TRDV1,0.0
92,TM4SF1,0.0
122,PRSS23,0.0
124,FABP4,0.0
160,TRBV5-6,0.0
125,TRBV3-1,0.0
159,F3,0.0
156,TRBV12-3,0.0
154,FGFBP1,0.0
153,TRBV6-6,0.0
152,SPRR1B,0.0
151,TRBV6-2,0.0
149,IFNA2,0.0
146,TRBV29-1,0.0
145,IFNA1,0.0
144,KRT5,0.0
141,CEACAM6,0.0
138,GPRC5A,0.0
87,TRBV11-2,0.0
133,BGLAP,0.0
131,TRBV30,0.0
88,TRBV20-1,0.0
129,KRT18,0.0
127,SFTPA1,0.0
126,TRBV5-4,0.0
230,LYZ,0.0
234,LY6D,0.0
388,HLA-DRA,0.0
330,RARRES1,0.0
348,PSCA,0.0
346,RRAD,0.0
342,ALDH1A3,0.0
341,SOX4,0.0
340,KRT15,0.0
339,IGHV1-2,0.0
337,KRT16,0.0
336,CTSL,0.0
335,TRAV12-1,0.0
329,CD2,0.0
235,CD8A,0.0
328,CCL19,0.0
327,CD8B,0.0
326,LGALS7B,0.0
324,IGHV4-31,0.0
322,DYNLRB2,0.0
321,IGLV3-1,0.0
320,CYP4B1,0.0
318,MMP9,0.0
317,IGHV3-43,0.0
350,IGFBP7,0.0
352,LGALS7,0.0
353,TIMP1,0.0
354,GATA2,0.0
383,TRAV24,0.0
380,IGLV5-45,0.0
379,AC007906.2,0.0
377,IGHV7-4-1,0.0
376,MUC1,0.0
375,C19orf33,0.0
374,IGLV4-69,0.0
373,IGHV1-46,0.0
371,MORN2,0.0
370,CST7,0.0
368,TRAV25,0.0
367,CCDC78,0.0
365,DUSP2,0.0
362,CD3E,0.0
359,IGLV2-5,0.0
358,TRAV9-2,0.0
357,TRAV41,0.0
356,CFAP157,0.0
355,RHCG,0.0
316,TRAV13-2,0.0
315,MUC4,0.0
314,TFF1,0.0
264,CD7,0.0
261,NTS,0.0
259,AL603756.1,0.0
258,HIST1H4C,0.0
257,IGLV6-57,0.0
80,SAA1,0.0
255,TRDC,0.0
254,MMP7,0.0
253,KRT23,0.0
252,C11orf88,0.0
251,KLRB1,0.0
250,CYP2F1,0.0
249,PRF1,0.0
248,APOBEC3A,0.0
246,TRBV15,0.0
245,TRAV19,0.0
244,C1QC,0.0
243,LMO7,0.0
242,TRAV8-4,0.0
241,SNTN,0.0
263,IGFBP3,0.0
268,FAM25A,0.0
311,FSCN1,0.0
271,IGLV1-40,0.0
309,IL7R,0.0
308,KLRD1,0.0
303,HBA1,0.0
302,CTGF,0.0
301,DERL3,0.0
300,ASS1,0.0
296,IGKV1-12,0.0
295,IGLV2-8,0.0
294,BAG3,0.0
292,FOXJ1,0.0
289,PRSS27,0.0
286,IFNA14,0.0
282,GZMK,0.0
281,AC233755.2,0.0
280,LINC02446,0.0
277,IBSP,0.0
276,IGHV3-20,0.0
274,IGLV2-23,0.0
272,CD1E,0.0
702,SCD,0.0
706,KRT86,0.0
1252,FFAR3,0.0
36,CCL3L1,0.0
1075,DNAH11,0.0
1074,SAMD3,0.0
1073,FBP1,0.0
35,IGLC2,0.0
1070,CLEC5A,0.0
1069,ANGPTL4,0.0
1068,PAX3,0.0
1067,CD6,0.0
1065,PSENEN,0.0
1061,IGKV3D-11,0.0
1110,ULBP1,0.0
38,IGHV3-30,0.0
1059,WWOX-AS1,0.0
1058,DRC1,0.0
1056,TRIB3,0.0
1053,CDS1,0.0
1052,CYB5D2,0.0
1051,ARL4C,0.0
1050,VEGFA,0.0
1049,RP1,0.0
1077,ALOX5AP,0.0
1078,HIST1H2BB,0.0
1079,FAP,0.0
1081,FCRL3,0.0
1108,SERPINB9,0.0
1105,FMO2,0.0
1104,CFAP52,0.0
1103,PALM,0.0
1102,AC123912.2,0.0
1101,C1orf116,0.0
1100,ANKRD66,0.0
1099,VWA3A,0.0
1098,PLTP,0.0
1097,FXYD1,0.0
1096,DUSP1,0.0
1095,FBXW10,0.0
1094,S100A6,0.0
1092,GBP5,0.0
1089,CLEC4E,0.0
1088,BSND,0.0
1087,MALAT1,0.0
34,GZMB,0.0
1085,CLEC10A,0.0
1046,TNIP3,0.0
91,MS4A1,0.0
1043,GREM1,0.0
1010,AC093911.1,0.0
1007,CD160,0.0
1006,CCDC173,0.0
1005,HIST1H3J,0.0
1003,SERPINB5,0.0
1002,ITGB8,0.0
1001,GSTP1,0.0
998,HSPA5,0.0
997,MRPS31,0.0
994,CATSPERD,0.0
991,MAPK15,0.0
990,GCSAML,0.0
987,BCL2A1,0.0
986,ANKRD36C,0.0
984,PLEK,0.0
982,IGHV4-55,0.0
981,CSTA,0.0
980,ISG20,0.0
979,SRGAP3-AS2,0.0
978,SLC7A11,0.0
1009,AC103591.3,0.0
1011,HTRA3,0.0
1040,TUBB2B,0.0
41,TACSTD2,0.0
1038,IKZF3,0.0
1037,CCND1,0.0
1036,CCDC80,0.0
40,IGLV2-14,0.0
1034,IFT57,0.0
1033,ETS1,0.0
1032,SYNE2,0.0
1030,CST6,0.0
1027,HIST1H2AL,0.0
1025,SPA17,0.0
1024,CRISP3,0.0
1023,NAMPT,0.0
1022,AC135012.1,0.0
1020,HIST1H2AM,0.0
1019,ITGA2,0.0
1018,HLA-DRB5,0.0
1017,SCML4,0.0
1016,TMPRSS9,0.0
1015,HIST1H2BF,0.0
1109,ADH7,0.0
1111,CSF3,0.0
975,SLC4A10,0.0
1197,NID1,0.0
1211,NWD1,0.0
1210,LINC00299,0.0
1209,SLA2,0.0
1206,IGHV4OR15-8,0.0
1204,SPEF2,0.0
1203,SYT5,0.0
1202,ZBED2,0.0
1201,BEST4,0.0
1200,DNAI2,0.0
1196,FXYD7,0.0
1112,AL157371.2,0.0
1195,SMIM6,0.0
1194,EGR2,0.0
1193,CTXN1,0.0
1191,IGHV3-62,0.0
1190,COL17A1,0.0
1189,LKAAEAR1,0.0
1187,PARD6G-AS1,0.0
1186,MATK,0.0
1184,SPTBN4,0.0
1212,IER2,0.0
1215,MMP8,0.0
1216,MAP1A,0.0
1217,CD22,0.0
1251,IGKV3D-20,0.0
1250,ZAP70,0.0
1249,TNFSF9,0.0
1247,TMPRSS11D,0.0
1246,HLA-DPB1,0.0
1245,IL24,0.0
1244,RPL21,0.0
1243,TCIM,0.0
1236,RPL17,0.0
1235,CROCC2,0.0
1228,TMEM158,0.0
1227,AC099489.1,0.0
1225,SPON2,0.0
1224,TMEM45A,0.0
1223,RPS27,0.0
1221,ITK,0.0
1220,MGST1,0.0
1219,AC007952.4,0.0
1218,FCGR2B,0.0
1182,EGR3,0.0
1180,SPIB,0.0
1179,KRTAP3-1,0.0
1138,MRC1,0.0
1135,STOML3,0.0
1133,DUSP4,0.0
1132,WARS,0.0
1131,PRR4,0.0
1129,ABCA13,0.0
1128,TRAF3IP3,0.0
1127,SLC22A31,0.0
1126,AC004832.1,0.0
1125,FOXN4,0.0
1124,BANK1,0.0
1122,POSTN,0.0
1121,HS3ST1,0.0
1120,ADGRF5,0.0
1119,MT-CO3,0.0
1117,IGLV3-9,0.0
1116,RAMP1,0.0
1115,LBH,0.0
1114,DKK2,0.0
1113,MGP,0.0
1136,WDR66,0.0
1139,CD164L2,0.0
1177,CSF1,0.0
1140,TAGLN,0.0
1175,EFCAB10,0.0
1174,SPAG16,0.0
1173,PTGDR,0.0
1171,AC019349.1,0.0
1170,COL7A1,0.0
1169,MT1B,0.0
1168,IL12A,0.0
1166,VWA3B,0.0
1164,ANKRD37,0.0
1163,IGLON5,0.0
1162,CEP126,0.0
1157,TRBV7-7,0.0
1155,STXBP2,0.0
33,PI3,0.0
1152,SLC9A3R2,0.0
1151,RSPH4A,0.0
1150,TXN,0.0
1146,NLRP6,0.0
1145,DHRS9,0.0
977,ASPM,0.0
974,SCG2,0.0
708,C9orf135,0.0
789,LINC01705,0.0
804,LTA,0.0
803,CENPF,0.0
801,TAOK1,0.0
800,HSP90AA1,0.0
799,DNAH17,0.0
798,DUSP6,0.0
796,IL23A,0.0
791,SLAMF7,0.0
790,TUBA4B,0.0
788,LAIR2,0.0
837,IGLC6,0.0
786,IGKV1-16,0.0
785,PIM2,0.0
784,IL2RB,0.0
55,CLDN4,0.0
781,SNAPC1,0.0
779,FKBP4,0.0
778,FKBP11,0.0
777,IFIT1,0.0
776,CTLA4,0.0
806,SLC39A8,0.0
807,AL121936.1,0.0
808,AL365434.2,0.0
53,MZB1,0.0
50,IGKV3-20,0.0
833,KIR2DL3,0.0
832,CEACAM7,0.0
830,SAA2-SAA4,0.0
828,MS4A6E,0.0
825,EPPIN,0.0
823,CD247,0.0
822,AKAP14,0.0
820,CFAP45,0.0
819,NCF1,0.0
818,AC015660.3,0.0
817,SGK1,0.0
816,ANXA2R,0.0
815,EREG,0.0
814,TRBV12-5,0.0
813,DYDC2,0.0
812,NUCB2,0.0
811,TFRC,0.0
810,CALHM6,0.0
775,CD40LG,0.0
774,ERRFI1,0.0
773,CCND2,0.0
738,ARL14,0.0
735,FASLG,0.0
734,OSM,0.0
733,LCK,0.0
732,IGKV2D-29,0.0
731,LINC00861,0.0
730,TCTEX1D4,0.0
728,HCAR2,0.0
726,LIMD2,0.0
724,CFAP43,0.0
721,SYT8,0.0
719,TSPAN13,0.0
718,MSLN,0.0
717,KIF9,0.0
716,IL22,0.0
715,IGFBP2,0.0
714,EDN1,0.0
713,COL4A2-AS2,0.0
710,IL10,0.0
709,MALL,0.0
736,MMP13,0.0
740,OLAH,0.0
772,MIR155HG,0.0
56,CXCL13,0.0
771,HIST1H2BH,0.0
770,MARCO,0.0
769,AL353596.1,0.0
767,CHST9,0.0
766,WDR54,0.0
764,NQO1,0.0
763,KLK11,0.0
762,SPAG6,0.0
761,IGHD,0.0
760,AC010319.3,0.0
759,GMEB1,0.0
755,LAMP3,0.0
754,UBD,0.0
752,CLEC4F,0.0
750,TRGV8,0.0
749,CHAC1,0.0
748,EPS8L1,0.0
746,KLRC3,0.0
743,CLEC2D,0.0
835,ABCB5,0.0
838,PHLDA1,0.0
973,RHOB,0.0
920,BPIFB2,0.0
930,TRAV8-3,0.0
929,DEGS2,0.0
928,MNS1,0.0
927,AL161431.1,0.0
926,CDHR4,0.0
925,SLC1A2,0.0
924,SCGB2A1,0.0
922,HSPD1,0.0
921,CCDC74A,0.0
919,CAPN14,0.0
49,CDC20B,0.0
918,S1PR5,0.0
917,CXCR3,0.0
916,FTL,0.0
915,Z82244.2,0.0
914,CMTM2,0.0
913,ANXA3,0.0
912,RASD1,0.0
911,CTSB,0.0
909,LINC02195,0.0
931,SCG5,0.0
933,SLC25A37,0.0
934,LIVAR,0.0
936,NEURL3,0.0
967,PRSS8,0.0
965,KLRF1,0.0
963,RGL4,0.0
960,NFE4,0.0
957,MUC13,0.0
956,GCHFR,0.0
955,HYDIN,0.0
954,SLC40A1,0.0
951,CD70,0.0
948,DOPEY2,0.0
947,PPP1R15A,0.0
44,KRT4,0.0
944,MIR503HG,0.0
943,NINJ1,0.0
942,FCRL5,0.0
941,PPIL6,0.0
940,SYT16,0.0
938,IGFBP6,0.0
937,FABP5,0.0
908,LEP,0.0
907,FAM81B,0.0
906,ZFP36,0.0
873,HIST1H4H,0.0
47,CRYAB,0.0
870,KIR3DL2,0.0
869,ITGA1,0.0
868,DOC2A,0.0
867,GPR25,0.0
866,FOS,0.0
864,CARD17,0.0
863,CTSK,0.0
862,IRF4,0.0
861,CD96,0.0
860,IGHV3-73,0.0
857,CCDC33,0.0
855,GADD45B,0.0
854,GRAMD2B,0.0
853,IGLV10-54,0.0
852,RGS16,0.0
851,CD52,0.0
849,FCRL4,0.0
846,SDCBP2,0.0
872,PLPP2,0.0
874,SELENOP,0.0
905,SPATA18,0.0
877,CFAP73,0.0
904,KLK7,0.0
903,RGCC,0.0
902,KIR2DL4,0.0
900,SPAG17,0.0
46,CCL18,0.0
897,IGLV3-10,0.0
896,ACTB,0.0
895,ITM2A,0.0
894,LINC00659,0.0
893,RGS13,0.0
892,ENKUR,0.0
890,SH2D2A,0.0
889,STATH,0.0
888,LRRC23,0.0
887,PPL,0.0
885,ARMC3,0.0
884,RDH10,0.0
883,SPINK2,0.0
880,GALNT5,0.0
1998,BX284668.6,0.0
